Id,FirstName,LastName,Email,email2
4fd81347-b433-4508-be94-76d576d2d615,Deane,Garek,Deane.Garek@yopmail.com,1929-07-02
6db7ddd4-7872-4ccf-8d86-a57b859ff6de,Tressa,Ade,Tressa.Ade@yopmail.com,1944-10-22
8479ecfa-cf50-40f2-862e-a7f0551bc732,Wendi,Chem,Wendi.Chem@yopmail.com,1907-09-25
8f04d50b-1463-4f25-8e15-d080c684a616,Georgina,Susannah,Georgina.Susannah@yopmail.com,1975-06-28
a3adad0e-e45c-480c-a07c-f4948f411f6d,Caryl,Gahl,Caryl.Gahl@yopmail.com,1965-08-10
51cd1b4f-7b1e-4ea2-a821-ec70514c2d6f,Rhoda,Liebermann,Rhoda.Liebermann@yopmail.com,1907-04-02
8a978384-57e6-4917-80ee-08451d49fee1,Di,Serilda,Di.Serilda@yopmail.com,2018-01-01
9b1f86a9-be32-42e9-8856-b1b7e5444452,Merry,Arne,Merry.Arne@yopmail.com,2005-10-31
d6fc8d50-d0c3-4e57-ae0e-453d9f25590b,Hallie,Lay,Hallie.Lay@yopmail.com,1957-05-26
9a2b3ba6-fc68-4f54-95de-373a988d7e19,Ana,Fredi,Ana.Fredi@yopmail.com,1964-03-09
dc393694-b707-49b7-87aa-5d3ede299072,Maud,Andrel,Maud.Andrel@yopmail.com,1964-01-31
f270c814-670e-4a43-b54d-f98c7097b27c,Bernie,Harl,Bernie.Harl@yopmail.com,2009-05-17
54a8298f-d2da-4ae4-86c5-c20791876bcf,Julieta,Stover,Julieta.Stover@yopmail.com,1970-03-06
a28d140d-9825-4070-ac54-203948a84aad,Kylynn,Peonir,Kylynn.Peonir@yopmail.com,1936-10-13
a8e9923b-ffb5-4878-b9dc-9ebff7f94848,Adriana,Annabella,Adriana.Annabella@yopmail.com,2015-04-20
b9a8fe42-1af1-40f4-a824-3ea40d825c04,Kylynn,Tyson,Kylynn.Tyson@yopmail.com,2013-05-17
edda8f11-3340-411b-9ad9-35903460d80a,Molli,Burch,Molli.Burch@yopmail.com,1965-07-29
8369ed93-5232-4721-96a7-42f4f1d49e07,Elie,Borrell,Elie.Borrell@yopmail.com,2008-08-02
01869840-38ab-4c67-bb4f-efea0e60e4ba,Vanessa,Duwalt,Vanessa.Duwalt@yopmail.com,1903-10-31
9f7800f2-9b95-42ed-aa66-200476091f9d,Kate,Christal,Kate.Christal@yopmail.com,1975-08-31
3c21e219-6da5-4dba-9125-6f7c52d9c4e2,Carmencita,Cynar,Carmencita.Cynar@yopmail.com,1952-05-01
13762fd3-662e-4a77-9fb8-0ab236577396,Jessy,Rosemary,Jessy.Rosemary@yopmail.com,2012-01-24
c956b01e-cfff-4e68-a556-7f95e1268979,Netty,Toni,Netty.Toni@yopmail.com,1960-11-07
015e21a0-ff31-445b-ba7a-84df120e2cea,Jemie,Sparhawk,Jemie.Sparhawk@yopmail.com,1931-09-15
23bb1370-08cb-4bd9-94dd-ee2819001c1e,Karena,Mozelle,Karena.Mozelle@yopmail.com,1990-02-05
26e7e51b-6e7d-43be-a4de-45474885a703,Ardys,Fadiman,Ardys.Fadiman@yopmail.com,1919-06-17
b5a5ccd5-a152-449d-b456-fc9ae23752a4,Libbie,Gunn,Libbie.Gunn@yopmail.com,1932-12-13
e42548e1-3ff0-4424-9351-27bf45cb2b3a,Kara-Lynn,Herrera,Kara-Lynn.Herrera@yopmail.com,1939-07-04
41b7d2a0-dd5f-45cb-a7a8-214c0335ce03,Chere,Garlinda,Chere.Garlinda@yopmail.com,2016-11-28
ac377e00-a4aa-4d13-85da-21ef3ec17a33,Molli,Vilma,Molli.Vilma@yopmail.com,2004-04-11
5b6b573d-11b7-4935-a8ce-aa8a011be929,Bettine,Dituri,Bettine.Dituri@yopmail.com,1944-12-23
56722d20-90ce-4f2f-9c28-5da8244627fd,Natka,Longfellow,Natka.Longfellow@yopmail.com,1965-03-02
1d9a807f-03f8-46a5-9521-6670c03f24f6,Gilligan,Thilda,Gilligan.Thilda@yopmail.com,2002-05-25
95e69511-053f-481f-a612-41523e89194b,Cyb,Granoff,Cyb.Granoff@yopmail.com,1949-06-04
37093f7f-b39e-4017-8f73-82386b60fe13,Trudie,Ioab,Trudie.Ioab@yopmail.com,1984-10-07
f2f9d1b0-48bd-4edd-8688-dea739c47a2c,Eugine,Allys,Eugine.Allys@yopmail.com,1902-04-29
15a8ddf6-8adc-478b-8269-02ef05f44682,Danika,Monk,Danika.Monk@yopmail.com,1915-03-08
ecafd65a-ca94-4280-97f7-95aa9d14ae99,Amalie,Philoo,Amalie.Philoo@yopmail.com,2019-02-23
8a374c3f-cd66-48bf-88ac-c6baad10d92d,Isa,Sancho,Isa.Sancho@yopmail.com,2017-10-13
eac94aac-4c41-4190-98a3-ce60d3bc3961,Cindelyn,Faro,Cindelyn.Faro@yopmail.com,1954-06-05
10fedd43-5021-4479-a57e-af6d3c9c3fd6,Ellette,Malanie,Ellette.Malanie@yopmail.com,1974-09-13
d410fa03-efcb-4804-bc8f-869c010fca80,Sallie,Percy,Sallie.Percy@yopmail.com,1943-01-14
c6ff7cca-0a04-40cf-bf08-7f39354c72e7,Ileana,Corrine,Ileana.Corrine@yopmail.com,1991-11-12
4d7e203c-74bd-4ae0-8f2d-e1338897753f,Robinia,Dorcy,Robinia.Dorcy@yopmail.com,1900-02-22
30daf468-19a5-4b54-bde9-4a44f74cdebb,Dagmar,Rogerio,Dagmar.Rogerio@yopmail.com,2010-05-06
a196993b-5b2c-4cea-892b-d8cced5bf05d,Dianemarie,Stevy,Dianemarie.Stevy@yopmail.com,1972-09-06
c0981d36-d2b5-4ed6-8d19-7089a5c05c0a,Blake,Eckblad,Blake.Eckblad@yopmail.com,1997-01-17
e41aa160-bb56-4835-a45a-9a2ef40d1881,Kayla,Tjon,Kayla.Tjon@yopmail.com,1911-06-30
d8d4e4f0-8a23-45f4-a3a8-d3c66bd8cbfb,Jasmina,Laurianne,Jasmina.Laurianne@yopmail.com,1907-08-26
46731907-5f25-4e9e-af3d-ada5c33af85c,Cristabel,Bryna,Cristabel.Bryna@yopmail.com,1930-09-06
891f81d7-e1fb-47a4-bfa5-bfa82e3458d3,Glynnis,Robertson,Glynnis.Robertson@yopmail.com,2019-12-19
b76bebe3-1eac-441b-8581-d5b0865ceef7,Paule,Bettine,Paule.Bettine@yopmail.com,1916-01-23
acfec6f5-e67e-4f45-98c0-f70604e769d9,Annice,Selway,Annice.Selway@yopmail.com,1949-09-23
68252949-bd72-4810-a184-f86b2efe2173,Deirdre,Bandeen,Deirdre.Bandeen@yopmail.com,1925-08-18
ced23e27-0c70-4e2c-b6c9-0c75caf381db,Barbara,Cornelia,Barbara.Cornelia@yopmail.com,1972-08-26
637a41e2-20b6-4518-8963-3ef36dd38a37,Kimberley,Peti,Kimberley.Peti@yopmail.com,1951-10-24
76730e66-1691-4533-8378-d9327c1eb74f,Lucy,Selway,Lucy.Selway@yopmail.com,1942-01-24
53574a0f-257e-4277-b425-a8b65f8af4f6,Aaren,Yusuk,Aaren.Yusuk@yopmail.com,1970-11-16
c7d58917-992a-4c36-bcc2-b46c017730ab,Joelly,Karna,Joelly.Karna@yopmail.com,1951-11-13
121052ff-22c3-4e2a-83b2-a16496549628,Merci,Andrel,Merci.Andrel@yopmail.com,1906-10-19
d6d045d6-fdb8-42d5-aab1-bfc6d3d07078,Dorice,Maxi,Dorice.Maxi@yopmail.com,2010-04-05
c17fc305-b8a7-4894-9be4-d4dc796c0ece,Romona,Woodberry,Romona.Woodberry@yopmail.com,2013-08-08
c44981a3-ad46-44a3-aa5a-c6e63dda419d,Elbertina,Agle,Elbertina.Agle@yopmail.com,2002-03-12
d735fbad-1def-4f74-b11e-8730632339ea,Angela,Kaete,Angela.Kaete@yopmail.com,1932-06-17
8f361d56-3517-4504-b41a-3ce9244b121a,Lucy,Persse,Lucy.Persse@yopmail.com,1980-10-07
a4b5ea83-b48d-42ae-a6de-0ec47fad94ad,Paulita,Braun,Paulita.Braun@yopmail.com,1904-04-03
4369590b-a0d2-4800-8fc0-a3bbc4f8318c,Eve,Dash,Eve.Dash@yopmail.com,2015-03-09
b2ecd3d7-a515-4757-aba1-048a468cbc1d,Jasmina,Medrek,Jasmina.Medrek@yopmail.com,1988-03-23
6fafc99a-fdca-41c8-9723-35804eaf30bb,Veda,Tjon,Veda.Tjon@yopmail.com,1923-06-12
a29cb587-7317-4473-a266-42a4b300b40e,Isa,Bryna,Isa.Bryna@yopmail.com,1933-11-16
10b60145-692b-4e3b-b39b-5230d26eb9f8,Claudina,Zeeba,Claudina.Zeeba@yopmail.com,1908-05-23
3ae99f2d-e804-4e87-b0ef-4101dc63cca5,Reeba,Crudden,Reeba.Crudden@yopmail.com,1945-06-06
2d49657d-9fcf-4148-94fa-b66481242abf,Bobbi,Stilwell,Bobbi.Stilwell@yopmail.com,1963-06-29
14589e9c-6983-4a3a-b157-169c65bd089d,Ronna,Sikorski,Ronna.Sikorski@yopmail.com,1978-05-21
79efa044-14f6-4da6-b156-bbc07c513fc6,Christal,Girardo,Christal.Girardo@yopmail.com,1936-12-31
e9a524bd-0868-4e28-934e-6ea19709591c,Harrietta,Caitlin,Harrietta.Caitlin@yopmail.com,1977-10-31
744c3c92-b41d-488a-b46b-ca65d4929536,Katharina,Ursulette,Katharina.Ursulette@yopmail.com,1941-12-19
a2010c54-64a2-4f5b-a0c8-699d2933cf31,Mariann,Maisey,Mariann.Maisey@yopmail.com,1974-12-25
c366b06e-beb3-4bf0-8609-a75777391472,Hayley,Alejoa,Hayley.Alejoa@yopmail.com,1962-10-26
2de7872c-5cb7-43d2-9868-b5fbb1c564fe,Corina,Ellord,Corina.Ellord@yopmail.com,1983-07-14
bdd47dd8-7e27-4646-ab87-6c3c6478313a,Sonni,Keily,Sonni.Keily@yopmail.com,1903-08-13
d265d934-b2a3-47aa-8231-1fe7f2cb6aea,Millie,Japeth,Millie.Japeth@yopmail.com,1980-08-06
9ba0a86c-53e2-48dc-9b9f-3cfe587247eb,Ronna,Berriman,Ronna.Berriman@yopmail.com,1976-08-19
e667219c-1558-4262-a468-c7ed05c70e28,Clementine,Lindemann,Clementine.Lindemann@yopmail.com,1912-08-18
d5a59cad-5c52-4c3d-b8bd-cbc1865a3613,Mahalia,Persse,Mahalia.Persse@yopmail.com,1941-06-23
00c04091-9468-47b6-ac60-ab15eeea8cc0,Leia,Dichy,Leia.Dichy@yopmail.com,1917-11-25
162e33cf-9c79-477d-a906-98cf68dc3dfd,Millie,Laverne,Millie.Laverne@yopmail.com,1936-07-22
dc2fff09-29e7-4fd5-8c98-bc0ea30b64d4,Kristina,Hermes,Kristina.Hermes@yopmail.com,2013-10-30
0cb5fad7-7284-448b-88b2-f3c4e382d6a6,Darci,Anderea,Darci.Anderea@yopmail.com,1911-05-09
2c68be51-84c5-4ca6-a311-ce5c33e57efe,Jacenta,Israeli,Jacenta.Israeli@yopmail.com,1949-10-23
f5546c36-d798-43be-aafd-bcab1640c972,Annabela,Elsinore,Annabela.Elsinore@yopmail.com,1921-08-14
847cee24-ace7-4fb7-9413-4adf6f361861,Florencia,Wareing,Florencia.Wareing@yopmail.com,1903-10-28
2d03bd43-4a8e-4363-bf94-62c8994a74d4,Nerta,Justinn,Nerta.Justinn@yopmail.com,1982-06-16
aff35a8c-4ef5-4f4b-929e-04e9c9d45762,Dolli,Urias,Dolli.Urias@yopmail.com,1903-11-24
5b988798-9d1c-4ce2-aecd-cf95183bcd47,Jeanna,Lay,Jeanna.Lay@yopmail.com,1960-01-10
c3eb8c22-e1b2-447d-8421-a275f41e233b,Ninnetta,Delila,Ninnetta.Delila@yopmail.com,1907-04-08
0a6e41aa-d138-423a-95ea-1c9b872d451e,Miquela,Hortensia,Miquela.Hortensia@yopmail.com,1973-07-29
f17a1daf-d4e9-4ded-b2cf-c6d8cd802f40,Lily,Kolnick,Lily.Kolnick@yopmail.com,1954-08-27
2f377c79-eaed-4bac-9b5e-4c76c1fc286c,Caressa,Blake,Caressa.Blake@yopmail.com,1922-05-31
06218766-a2e6-468d-b187-5db097215d53,Bertine,Ferino,Bertine.Ferino@yopmail.com,1923-08-13
e17816a2-bac8-4806-a634-f22cd0e8c285,Nannie,Ahab,Nannie.Ahab@yopmail.com,1951-03-13
69fbabf6-48f4-4f74-9d2c-1cb895339bcc,Trudie,Gert,Trudie.Gert@yopmail.com,1941-11-30
212dfa4c-bb98-495a-99fa-a0f9ce66b3b7,Maryellen,Serilda,Maryellen.Serilda@yopmail.com,1962-07-09
c294e98b-c57e-4e48-991d-11933ecb1086,Margalo,Bronk,Margalo.Bronk@yopmail.com,1945-08-29
3fd35d2f-5d7f-4589-9027-4094142d02aa,Priscilla,Hirsch,Priscilla.Hirsch@yopmail.com,2009-11-20
1b6df66b-80e8-4ee0-9e96-14314f48cc89,Clo,Vanni,Clo.Vanni@yopmail.com,2012-11-25
512d2f3e-e275-4307-898f-07a1986eb442,Nadine,Thornburg,Nadine.Thornburg@yopmail.com,1999-04-30
5f14f923-938b-4a32-8f7e-e4b7b34389ad,Maurene,Burkle,Maurene.Burkle@yopmail.com,1974-06-03
1cf7ec1b-f270-4c59-a83d-e8924ce6db70,Laure,Olin,Laure.Olin@yopmail.com,1931-09-23
c22c1ab8-deaf-41e4-a9ae-2246b7af1e4e,Ernesta,Kussell,Ernesta.Kussell@yopmail.com,1941-08-01
66004c35-f70d-4fcc-ba58-976e662fe4b3,Hermione,Strephon,Hermione.Strephon@yopmail.com,1960-10-04
b2f1bb33-2b53-45dc-8731-130c1a62acf2,Feliza,Serilda,Feliza.Serilda@yopmail.com,1994-12-19
868eec9c-08cf-4e61-8ddd-4f847ddf080a,Glynnis,Leopold,Glynnis.Leopold@yopmail.com,1940-06-23
83fcea16-eeb1-4f55-b208-bc23cc1516b8,Courtnay,Elo,Courtnay.Elo@yopmail.com,2005-09-18
209757a6-c19a-4bd2-be62-727542ffc10e,Selia,Gower,Selia.Gower@yopmail.com,1922-05-14
74cdf92e-b253-4e54-8db7-12439db2bac5,Loree,Deny,Loree.Deny@yopmail.com,1957-10-19
beaf91bb-fbfe-45be-95c0-cda32c144672,Lacie,Giule,Lacie.Giule@yopmail.com,2014-08-19
575c18a8-af2f-480e-afda-5c9494968121,Felice,McGrody,Felice.McGrody@yopmail.com,1998-06-25
366d52ff-2c74-444a-932b-b9ce0fac2ee5,Gratia,Maribeth,Gratia.Maribeth@yopmail.com,1994-11-04
28ed7600-8f74-4dc3-a2f0-4828bef461f5,Frank,Wooster,Frank.Wooster@yopmail.com,1950-01-03
57f9e0fe-d428-4400-bd9f-5f0c57bab5fe,Donetta,Norvol,Donetta.Norvol@yopmail.com,1940-09-21
19a6d3aa-5e8e-46fb-9c8c-600bf98d132b,Glynnis,Leffen,Glynnis.Leffen@yopmail.com,1992-03-21
ff158bfd-562b-455a-8895-7a183885e2fb,Merle,Boehike,Merle.Boehike@yopmail.com,1958-07-25
0fdb4784-fb2b-44d1-877c-13bef0ec3eb4,Merle,Ferrell,Merle.Ferrell@yopmail.com,1988-11-16
322e6448-a403-4824-9490-32123ed370d2,Tani,Raseda,Tani.Raseda@yopmail.com,2008-10-08
eed25dd9-f442-4439-b006-af373be9e427,Dolli,Hutchison,Dolli.Hutchison@yopmail.com,2008-07-01
ebb39c2c-9e61-4d61-b087-9d019ba04d47,Aeriela,Erskine,Aeriela.Erskine@yopmail.com,1982-01-05
77a8c8c0-aebf-4e81-b65c-884413a2d02f,Sean,Henrie,Sean.Henrie@yopmail.com,2010-02-16
22cc3bc8-0aab-48fb-a3bd-467037ebbec7,Hyacinthe,Rugen,Hyacinthe.Rugen@yopmail.com,1965-02-19
1db88ac0-1817-43f9-a441-81970e6f2b31,Ardenia,Ulphia,Ardenia.Ulphia@yopmail.com,2002-01-23
732db15c-1a80-4f35-841a-46cf6b27f0b9,Robbi,Palocz,Robbi.Palocz@yopmail.com,1956-02-15
94571ce5-adf2-4163-832b-3246b2d88d33,Ricky,Mathilde,Ricky.Mathilde@yopmail.com,1938-08-17
e7d2da1d-c5f6-43cb-a7be-e8481f14fd49,Eve,Vilma,Eve.Vilma@yopmail.com,1926-08-26
daa2e1fd-5a0c-4ea3-9dc7-1db865e5fdf0,Calla,Llovera,Calla.Llovera@yopmail.com,1964-04-14
ba547c22-7cc5-49fb-b4ba-eff7985ffe5f,Melanie,Viddah,Melanie.Viddah@yopmail.com,1911-02-15
88fffcfb-050e-4034-9238-e26d6191889a,Hermione,Carolin,Hermione.Carolin@yopmail.com,1941-11-28
f45ff254-61ad-4c9b-851c-0f1a0c5bf25c,Lonnie,Bronk,Lonnie.Bronk@yopmail.com,1952-02-13
1151049d-6b5a-4bfe-bbee-d507eafbf4cb,Roberta,Pond,Roberta.Pond@yopmail.com,2001-01-07
fe45268f-ad7e-4c0e-93b4-be3e114d4b3d,Madeleine,Fitzsimmons,Madeleine.Fitzsimmons@yopmail.com,1996-09-26
e325fcec-51c2-4eab-85aa-c68e4b3a2c28,Mariele,Gherardo,Mariele.Gherardo@yopmail.com,1994-11-08
6dffc968-4696-45d4-a106-a56c4ed90658,Monika,Stanwood,Monika.Stanwood@yopmail.com,2013-03-13
f2cf6dba-15e3-406d-8152-e7d3c2943c9c,Gabi,Gemini,Gabi.Gemini@yopmail.com,1950-06-12
93665906-0d92-445b-b513-89e489dbc71c,Fanchon,Hilbert,Fanchon.Hilbert@yopmail.com,1924-11-02
baa4a6ed-1dd1-4b5b-80c0-636023d87e99,Concettina,Serilda,Concettina.Serilda@yopmail.com,1919-07-21
27126df0-7078-427a-8737-407d5e4374df,Verla,Lubin,Verla.Lubin@yopmail.com,1909-07-08
b15abdf1-28d1-429b-95c2-14d005c77e48,Ethel,Moina,Ethel.Moina@yopmail.com,1948-11-14
de05ce8a-16e8-48f6-98ee-43a5061fd0cb,Rivalee,Hessler,Rivalee.Hessler@yopmail.com,1939-04-28
b500354f-3fc6-43e1-b1a6-a0157bfc9ae5,Marti,Dichy,Marti.Dichy@yopmail.com,1932-03-29
33c9d462-480b-45ef-85b3-236c89862e9d,Maisey,Hillel,Maisey.Hillel@yopmail.com,1948-08-26
97422af1-16f2-4894-a297-7bef3e4f5db8,Betta,Lynn,Betta.Lynn@yopmail.com,1948-09-26
4d3f19d3-7fb4-43ee-a23d-e7f97cf434e8,Paule,Jacinda,Paule.Jacinda@yopmail.com,1960-05-27
ad23565e-d6da-4bd4-aa49-2265668dffd6,Kayla,Llovera,Kayla.Llovera@yopmail.com,1964-07-09
7cbb85a1-00ba-4d4e-b3e9-43ab7eadbd56,Siana,Goldina,Siana.Goldina@yopmail.com,1992-04-19
9be1c07f-16d7-4987-9ae6-6ae909194274,Melodie,Lay,Melodie.Lay@yopmail.com,2005-04-20
5ba0aa69-489d-4ab5-94ab-3cd0a210dc9d,Jillayne,Bennie,Jillayne.Bennie@yopmail.com,1939-08-07
f624ec5a-5540-437e-9e0a-5f3defb63e05,Ruthe,Dash,Ruthe.Dash@yopmail.com,1972-06-16
a0b05664-a09d-4492-a719-a1ff54868f18,Romona,Delacourt,Romona.Delacourt@yopmail.com,1994-03-01
c81b70ab-e194-4a6d-b6ce-e246c499f8a5,Leona,Dermott,Leona.Dermott@yopmail.com,1965-07-06
0525439e-8dfd-423b-a430-5e86710978b1,Aimil,Santoro,Aimil.Santoro@yopmail.com,2016-12-03
245ada76-ae6f-41ed-bf17-e2b3db7ea62d,Adriana,Audly,Adriana.Audly@yopmail.com,1953-01-19
1d7e1924-c811-46a9-a9d5-8f615a11b2d4,Roberta,Madaih,Roberta.Madaih@yopmail.com,1953-04-25
77fd4fd2-9170-4b9f-91a4-71370863fa97,Briney,Argus,Briney.Argus@yopmail.com,1922-08-30
160e1509-a3b5-4285-b397-9076735d1719,Dode,Longfellow,Dode.Longfellow@yopmail.com,1917-09-19
5582eff7-7abc-4cf0-a0c7-f37eb58bb17d,Adriana,Thar,Adriana.Thar@yopmail.com,1976-07-13
68e293c9-3f11-44f5-a92b-47e4bd0b21d9,Emelina,Voletta,Emelina.Voletta@yopmail.com,1968-07-10
29e2f5d4-16ec-427a-883b-bf4bf39e7bfd,Ruthe,Kristi,Ruthe.Kristi@yopmail.com,1963-10-13
364b6bcc-5d3a-4ce1-928a-9ac85304950d,Ofilia,Bobbee,Ofilia.Bobbee@yopmail.com,1958-12-03
ff6a5bbd-5e63-413d-b813-4fe236922657,Hermione,Constancy,Hermione.Constancy@yopmail.com,1997-06-22
2ac232b5-cfb1-428b-9ee9-b063ab487038,Netty,Salvidor,Netty.Salvidor@yopmail.com,1963-05-24
da323dfc-5d64-4d23-a19d-b1600e7255c5,Cherilyn,Carleen,Cherilyn.Carleen@yopmail.com,1998-08-11
f6a230f9-73c7-4a5a-9fa6-a88e01302e62,Ivett,Cookie,Ivett.Cookie@yopmail.com,1929-03-20
19ac7b06-5e91-4361-9b24-1e946f65ec53,Katleen,Joli,Katleen.Joli@yopmail.com,1973-06-19
f03f916b-68f1-4e93-9955-4f61fe6423e5,Angelique,An,Angelique.An@yopmail.com,1993-04-10
ebb293fe-1f25-4bb4-9f26-444de27fb03f,Cherilyn,Rosemary,Cherilyn.Rosemary@yopmail.com,1989-08-14
f8f2118d-74f4-46d5-82b0-c7dd44d78bf9,Leeanne,Tiffa,Leeanne.Tiffa@yopmail.com,1978-12-23
21e5bcaa-179c-46f3-8a26-6655ac7defb1,Heddie,O'Rourke,Heddie.O'Rourke@yopmail.com,1971-04-26
0a656234-a188-4a4b-b95a-ee8a52bfe369,Winny,Audly,Winny.Audly@yopmail.com,2012-05-06
216be3e9-a505-4b27-b0dd-29905dff4fea,Sybille,Kare,Sybille.Kare@yopmail.com,1990-12-20
3f4c5ede-7360-42b0-b5ee-c4b173431716,Deane,Pacorro,Deane.Pacorro@yopmail.com,1918-08-08
8146a450-d362-42ad-b78a-2504baead55f,Margette,Sabella,Margette.Sabella@yopmail.com,1950-11-19
9eca65d1-e20c-47bb-94be-0a610f7f9621,Demetris,Mendez,Demetris.Mendez@yopmail.com,1919-11-14
74d4e6e7-9f48-42d2-8425-2d30dc00f0b1,Brietta,Lia,Brietta.Lia@yopmail.com,1923-07-17
ba79ddd6-4cfc-4aa6-b4cf-1ec8b3f7a4de,Dari,Fabiola,Dari.Fabiola@yopmail.com,1991-07-01
3f737403-5fb6-47fc-9e3e-0ba7952657c5,Clo,Johnsson,Clo.Johnsson@yopmail.com,2019-08-14
64342c2c-0d1d-4ce4-9e89-d5d77810badb,Cyb,Berl,Cyb.Berl@yopmail.com,1945-02-04
75df1ff0-756b-4c7d-b66a-9ccba0876db4,Carree,Dawkins,Carree.Dawkins@yopmail.com,2001-05-02
5edc1d3b-3408-4905-9fba-e20b1b384eb6,Alameda,Denis,Alameda.Denis@yopmail.com,1970-07-08
75dc6206-bfcd-447b-9bb4-43f68a87c798,Raina,Peonir,Raina.Peonir@yopmail.com,1920-03-05
dd1ec662-4978-41c2-8911-7040422c370f,Georgina,Podvin,Georgina.Podvin@yopmail.com,1972-04-11
aede3079-366b-4658-94c1-0b761a12dc47,Debee,Primalia,Debee.Primalia@yopmail.com,1910-09-13
53e41acb-450f-404d-8aa4-f623fefdfad8,Ingrid,Rocray,Ingrid.Rocray@yopmail.com,1938-03-12
47fa66db-100a-42ca-b886-a4b06827f30d,Aaren,Krystle,Aaren.Krystle@yopmail.com,2008-01-22
0b7efc50-253f-447e-bc77-3ecbe2eb0ae9,Zondra,Leffen,Zondra.Leffen@yopmail.com,1998-04-18
e783d026-c4d9-4370-aa1a-33a3fa803761,Heddie,Nerita,Heddie.Nerita@yopmail.com,1992-05-22
ee020abf-827b-4bfc-90e1-65ae8aad025b,Brietta,Wattenberg,Brietta.Wattenberg@yopmail.com,1967-07-26
782bc424-494e-41c9-a904-e6cf83fc0f51,Tani,Gilbertson,Tani.Gilbertson@yopmail.com,2007-07-31
a044140e-8076-4ce8-942c-c7e5674e080f,Alexine,Anis,Alexine.Anis@yopmail.com,2001-12-24
7f546fe3-7367-4fc5-a0b0-f952c7f18dbc,Elora,Bergman,Elora.Bergman@yopmail.com,2018-02-19
a7e7e937-5dd5-4477-82c3-bfb0ff18cbcc,Marika,Jotham,Marika.Jotham@yopmail.com,1982-01-07
2a39d7a5-ed5c-4e0f-8041-7aa755e6e270,Melisent,Graig,Melisent.Graig@yopmail.com,1916-10-25
fe4f9866-a21f-4635-a41b-f42169b8b9df,Monika,Nester,Monika.Nester@yopmail.com,1971-04-05
b73d1cea-dfee-4c39-a4e1-b64713e5c22d,Maisey,Diogenes,Maisey.Diogenes@yopmail.com,2017-06-03
ac25c344-24c3-46b6-a434-552a28b2462e,Mara,Pettiford,Mara.Pettiford@yopmail.com,1993-09-19
c2808688-52ca-4958-a2e6-00e34c068e38,Emmey,Fosque,Emmey.Fosque@yopmail.com,1942-02-10
05bd13c6-ce2b-4af9-a111-656ed1b68f64,Shirlee,Halsey,Shirlee.Halsey@yopmail.com,1986-08-01
6cbfb2a3-131c-4524-8077-5be5ded34afa,Leona,Skell,Leona.Skell@yopmail.com,1959-10-25
5d582d66-5b97-4bb7-9d72-22f296b9bf2d,Calla,Marisa,Calla.Marisa@yopmail.com,2009-03-03
6606021c-0f05-4275-ac78-abb486b3a797,Chastity,Mullane,Chastity.Mullane@yopmail.com,1930-08-15
97a743d2-58f7-4fbd-a9be-6f09eeef49a7,Valera,Leary,Valera.Leary@yopmail.com,1941-03-20
4d5c6254-2a1e-4123-99ca-bc0ca8476e46,Brandise,Noelyn,Brandise.Noelyn@yopmail.com,2014-04-13
e6b811fa-39c0-442e-b31a-e4b470ab964e,Elise,Jeanne,Elise.Jeanne@yopmail.com,1916-11-01
6bc58233-040a-40d0-9049-cd7c8501b203,Valeda,Noelyn,Valeda.Noelyn@yopmail.com,1952-12-27
33bab248-c339-4278-bba3-5d2fe11a77d2,Cherrita,Natica,Cherrita.Natica@yopmail.com,2015-08-10
19b49727-6f25-4d73-a072-b0f61bb80539,Berta,Lorain,Berta.Lorain@yopmail.com,1931-01-22
f0f07334-784b-40d9-b265-0283030cf249,Clementine,Ophelia,Clementine.Ophelia@yopmail.com,1964-06-18
31f44b05-a8f5-4169-83dd-d1447285aa48,Cacilie,Shelba,Cacilie.Shelba@yopmail.com,1996-09-01
1bec1981-de26-46ba-9b2b-492e5b921796,Felice,Buckler,Felice.Buckler@yopmail.com,1911-12-26
e85b0331-c0e1-4362-8e62-f8129751541f,Brandise,Freddi,Brandise.Freddi@yopmail.com,1956-01-01
f42e527a-0ee2-4c8f-bb99-61fb7befd698,Vita,Vorster,Vita.Vorster@yopmail.com,1914-08-27
49651dad-3244-47bc-9160-cba035e52d22,Fanny,Carey,Fanny.Carey@yopmail.com,1994-05-09
019095ba-630b-41a6-a2eb-5f2f1c79f4ec,Aaren,Rugen,Aaren.Rugen@yopmail.com,1943-04-04
2982994e-3c02-4202-bf82-c89b2ca28409,Selma,Euridice,Selma.Euridice@yopmail.com,1983-03-03
6d09adec-d985-46ab-aefd-d2d652b0b353,Silvana,Wittie,Silvana.Wittie@yopmail.com,1972-06-25
cc1d3729-d90e-468e-ae6f-5b429c066974,Sue,Sacken,Sue.Sacken@yopmail.com,1930-07-27
11133888-dcd8-433c-9f6e-92ec6827d7a8,Anallese,Colyer,Anallese.Colyer@yopmail.com,1906-01-08
ef8ebb51-3a23-4979-9619-1eb0461f36d5,Madelle,Wesle,Madelle.Wesle@yopmail.com,2005-01-29
c2f0c042-91e3-4c3c-a81c-c5f267a21456,Roseline,Lorain,Roseline.Lorain@yopmail.com,1966-11-25
ddf92f85-134f-497c-bdaa-2fff80b481a7,Cherilyn,Forrer,Cherilyn.Forrer@yopmail.com,1987-08-17
22282118-cdf3-4a0e-851e-7ac5c5f3d1be,Henriette,Diogenes,Henriette.Diogenes@yopmail.com,1942-08-08
89a53e1c-c867-4f65-965b-cf5b841af80f,Rochette,Aida,Rochette.Aida@yopmail.com,1944-01-11
68701646-60ae-465a-b367-c3007b5c8a45,Blinni,Lia,Blinni.Lia@yopmail.com,1999-08-09
a01f7e0e-5838-4e5b-a3f4-5cff6c87beb2,Isa,Bendick,Isa.Bendick@yopmail.com,1939-04-05
187b3d08-4b43-407a-b81a-38ad07fbf807,Wileen,Anis,Wileen.Anis@yopmail.com,1948-11-27
d9174493-6588-4db1-a9a4-3f51f1104232,Michaelina,Allina,Michaelina.Allina@yopmail.com,1936-04-10
57d16024-4234-4487-ba8d-d5b56c5dd2cc,Raquela,Cutlerr,Raquela.Cutlerr@yopmail.com,1997-04-02
90e7c7b2-f86a-42eb-9d54-b92c3c14f004,Joeann,Remmer,Joeann.Remmer@yopmail.com,1988-08-18
a7678b5f-73fb-4136-b718-4c4615a3e1bd,Ericka,Cleavland,Ericka.Cleavland@yopmail.com,2008-10-24
76891064-c8e9-4e67-a3c2-92af4098462d,Jacenta,Winthorpe,Jacenta.Winthorpe@yopmail.com,1991-03-11
3819f8ae-d995-4dd6-beb6-cf2a555baecf,Jorry,Emmaline,Jorry.Emmaline@yopmail.com,2000-03-28
0aca699a-3a73-47e6-a396-08494202f47e,Kittie,Albertine,Kittie.Albertine@yopmail.com,1963-05-01
1bee3960-e860-46cc-9223-220fb07d9ed7,Vivia,Darrell,Vivia.Darrell@yopmail.com,1963-02-22
a30c0db4-a76f-4df5-9ea4-a322aa3c0693,Sibella,Milde,Sibella.Milde@yopmail.com,1906-02-12
faeca16e-2790-4680-acf1-3c93c9c67345,Leanna,Janene,Leanna.Janene@yopmail.com,1992-02-03
8f05791d-1cd2-46a2-b557-cb31bf2ecf50,Gloria,Georas,Gloria.Georas@yopmail.com,1985-08-20
510162e0-dde7-46a4-bdf3-fe7aacdfd33d,Aili,Moseley,Aili.Moseley@yopmail.com,1958-08-08
aaf9b993-6f07-48e4-8624-75cfbfedf5cc,Ilse,Freddi,Ilse.Freddi@yopmail.com,1993-06-03
862364d8-093a-47b7-b709-dd8c485bd461,Lyssa,Loring,Lyssa.Loring@yopmail.com,2000-08-02
65def974-71bf-43d3-987a-a5e375531cea,Ardenia,Anastatius,Ardenia.Anastatius@yopmail.com,1919-11-06
e723cf82-5bc4-4d18-a34c-513fa72aba19,Fawne,Berne,Fawne.Berne@yopmail.com,1919-12-06
f710ee42-218e-4371-b453-3eab02881dec,Kirbee,Wenoa,Kirbee.Wenoa@yopmail.com,2009-03-27
990ce431-ded4-46f8-ab17-fe82e115f99a,Phylis,Kathie,Phylis.Kathie@yopmail.com,1921-06-01
9e156f19-ab13-48f2-9025-323f6a0c72cc,Maud,Sheng,Maud.Sheng@yopmail.com,1995-05-07
af295d97-d088-46de-ad26-9fa3f978a90b,Valli,Stav,Valli.Stav@yopmail.com,1925-08-06
c61e251d-2fd5-4440-8e77-d1b07a92d232,Netty,Vorster,Netty.Vorster@yopmail.com,1916-10-25
adfa0c7c-9e38-4400-a8ae-f5414472a799,Verla,Chick,Verla.Chick@yopmail.com,1945-06-24
41b1b20b-5748-4e1e-b8df-8a8a129b0de7,Leontine,Hutchison,Leontine.Hutchison@yopmail.com,1962-07-25
c325665b-9dbd-4416-9daa-3868990fb5cc,Jany,MacIntosh,Jany.MacIntosh@yopmail.com,1979-11-25
ecb04175-1ac2-4692-8777-fabd14d342bf,Rayna,Pond,Rayna.Pond@yopmail.com,2015-02-16
a061d6e1-18ef-4d6d-b65e-2da553785559,Kara-Lynn,Ellord,Kara-Lynn.Ellord@yopmail.com,1920-04-04
f88b94a5-e434-48fe-b65f-2b461cdd1119,Beatriz,Paton,Beatriz.Paton@yopmail.com,1993-10-25
72d6d566-5f51-4ba1-993c-08e92661457a,Alex,Moina,Alex.Moina@yopmail.com,1986-03-04
f1ceea84-71a1-45db-b21a-6491c951d35e,Stevana,Junie,Stevana.Junie@yopmail.com,2000-04-28
a10fbccf-e8fe-4045-81be-8d4c5065a572,Arlina,Suk,Arlina.Suk@yopmail.com,1920-08-10
b1410c2e-c228-41a7-ab3a-98bc542649bd,Marcy,Grosz,Marcy.Grosz@yopmail.com,2001-05-13
af88f7d7-da1c-4bbc-b93f-d001580eaaeb,Mara,Burnside,Mara.Burnside@yopmail.com,1908-05-29
582cb809-05f9-4922-985a-51fff70bb65b,Jemie,Ardra,Jemie.Ardra@yopmail.com,1912-07-13
71d864c5-98cd-4154-b0c5-f7b7c7882b07,Deirdre,Shields,Deirdre.Shields@yopmail.com,2016-08-07
34c627a5-bbe6-412d-a309-f5044be2d3b8,Jere,Nicoline,Jere.Nicoline@yopmail.com,1991-11-29
57b798a9-3656-46e5-a85a-7ad70c9753a9,Dorice,Cosenza,Dorice.Cosenza@yopmail.com,1924-06-28
07154893-930a-43a0-b7b4-b06bf431c6cb,Max,Schonfeld,Max.Schonfeld@yopmail.com,1993-12-23
eac14e0b-e514-40b2-8a91-79760d9583cf,Charlena,Lorenz,Charlena.Lorenz@yopmail.com,1915-02-18
1132a7ae-ff11-4ce7-af89-158bf9af7773,Shirlee,Selway,Shirlee.Selway@yopmail.com,1937-12-22
d0a002c4-d272-4c88-a943-07e6545a2563,Cassandra,Dichy,Cassandra.Dichy@yopmail.com,1926-10-17
e5d893d8-bc8d-4f4c-8b10-c153c6e12511,Mureil,Natalia,Mureil.Natalia@yopmail.com,1983-11-03
165b8b64-5152-4815-8520-1c4e2a33d2ba,Dotty,Thilda,Dotty.Thilda@yopmail.com,1994-04-20
9d55239c-5d3a-4e3b-a277-5057766372ec,Darci,Kathie,Darci.Kathie@yopmail.com,1979-04-25
d9edb58e-0976-402e-af50-a2c66bed3b04,Chere,Cavan,Chere.Cavan@yopmail.com,2015-06-15
08361b3c-7f97-4bb2-989d-2dc0cd2072a8,Quintina,Martsen,Quintina.Martsen@yopmail.com,2013-05-28
b4a7218f-ea49-47c2-85cc-fa77b780b1d3,Ottilie,Felizio,Ottilie.Felizio@yopmail.com,1986-10-26
dcd25b8a-0241-44a8-a191-d4d6695a8479,Clo,Hilbert,Clo.Hilbert@yopmail.com,2019-01-05
80f5adab-a762-4b46-8b28-da0a99a91a79,Yetty,Oster,Yetty.Oster@yopmail.com,1910-08-10
eeb09c31-883e-4558-b6d1-93a17697263a,Dode,Vilma,Dode.Vilma@yopmail.com,1925-06-11
ad41ab28-1c49-4af4-bda4-8565b0cde1eb,Annora,Lay,Annora.Lay@yopmail.com,1984-07-29
cacd575d-e9af-4864-9db0-555615587271,Bill,Merell,Bill.Merell@yopmail.com,1971-11-15
028a8e5b-c565-49ac-85e7-becd5b3d5ab0,Hope,Gwenore,Hope.Gwenore@yopmail.com,1901-12-16
e00bcf50-0f30-430a-9a1d-084a41ae4061,Shandie,Dyche,Shandie.Dyche@yopmail.com,1948-04-19
6d71da21-057b-4ff9-bcd9-e26e4279c744,Adriana,Concha,Adriana.Concha@yopmail.com,2008-05-14
b5da28e7-a8cb-435b-890b-c724c16d69a9,Gretal,Gaspard,Gretal.Gaspard@yopmail.com,1978-10-05
bebb58fc-189a-42d3-8ee6-0e4910e059d6,Wanda,Bollay,Wanda.Bollay@yopmail.com,2002-07-22
47a88eaf-faaa-4f68-9def-49787b0d7302,Morganica,Kiersten,Morganica.Kiersten@yopmail.com,1949-02-22
32454da1-8217-4521-bc14-8b882cba297a,Lolita,Ledah,Lolita.Ledah@yopmail.com,1997-11-17
741400aa-44fc-4ec8-b057-3cb8f501fa47,Sarette,Greenwald,Sarette.Greenwald@yopmail.com,1908-09-02
752624e9-bdf2-49f3-867d-a92c855825aa,Joceline,Joseph,Joceline.Joseph@yopmail.com,1956-06-02
01e19362-db43-41d7-b25b-874bdeb12cbc,Mariann,Dudley,Mariann.Dudley@yopmail.com,1956-01-21
9059aea4-0f6f-4234-93b3-162d1995e04f,Albertina,Gillan,Albertina.Gillan@yopmail.com,2011-10-12
659b0309-ab65-462a-982b-ce97e6a75cdc,Cissiee,Ellerey,Cissiee.Ellerey@yopmail.com,1928-06-11
70b0a2a4-b129-4b2e-b92b-a1a9b91ad347,Christy,Doig,Christy.Doig@yopmail.com,1965-05-21
bd5b8ba4-c722-48dd-904e-5f54336ba43c,Yolane,Johanna,Yolane.Johanna@yopmail.com,1910-11-11
c0bbbc61-5280-4e77-a9fa-0bc2ea3dab7d,Josephine,Calhoun,Josephine.Calhoun@yopmail.com,1956-02-12
945401cc-ae6e-4ae7-a42e-5787a6d4472c,Adore,Blisse,Adore.Blisse@yopmail.com,2012-02-01
acc40160-792d-483b-895b-020bed8c3ace,Ezmeralda,Desai,Ezmeralda.Desai@yopmail.com,1969-10-21
9efcda8b-79d4-41a1-a8f9-78507e2c0161,Betta,Liebermann,Betta.Liebermann@yopmail.com,2014-12-03
2b1ece4b-4c79-4188-aba5-34657e705469,Fanchon,Carmena,Fanchon.Carmena@yopmail.com,1948-12-31
ad64b1b6-5d83-40bf-8f16-b9a3db712c59,Carly,Callista,Carly.Callista@yopmail.com,1947-06-19
fef3f9f0-c9fb-4436-89af-e7125422fd5c,Lanae,Tryck,Lanae.Tryck@yopmail.com,2009-07-15
6c5aac20-a5ba-417b-b63e-bf5c5a98204d,Sheelagh,Cutlerr,Sheelagh.Cutlerr@yopmail.com,1995-03-19
8250f37b-5841-4398-8b2e-913af830b71b,Jsandye,Gerge,Jsandye.Gerge@yopmail.com,1915-12-17
780a7621-59cc-41e5-ae14-e5fe8608149e,Glenda,Chandler,Glenda.Chandler@yopmail.com,1937-11-12
d8485a7f-8678-4eb2-b085-632b8e91be70,Rhoda,Jenness,Rhoda.Jenness@yopmail.com,2002-08-30
9831ad1e-6c25-49d4-9362-bb9410148826,Mireielle,Grimbly,Mireielle.Grimbly@yopmail.com,1923-08-28
5888f5e6-c208-430e-8afa-4c25b66c826e,Evaleen,Mozelle,Evaleen.Mozelle@yopmail.com,1943-10-25
c67b8b27-2e47-4d61-abf8-2bda0d77460a,Rivalee,Erich,Rivalee.Erich@yopmail.com,1971-07-19
af002b8f-886d-4382-a120-24f64885821d,Audrie,Dermott,Audrie.Dermott@yopmail.com,1971-01-05
8ea662ce-d7cd-4cea-b38a-c1d5d9fe2bce,Jenda,Grimbly,Jenda.Grimbly@yopmail.com,2009-12-29
88f4a086-22d1-453b-b7c3-3d35dc7c3c9a,Larine,Markman,Larine.Markman@yopmail.com,1988-05-25
0d067a95-068d-4d26-8694-14579b0d7dce,Modestia,Old,Modestia.Old@yopmail.com,1954-04-15
1e30084a-0ce6-4fae-950c-1710ffe8ccea,Miquela,Rillings,Miquela.Rillings@yopmail.com,1916-04-07
df6c49f2-e973-4f7e-9d58-da465af7819c,Glenda,Sibyls,Glenda.Sibyls@yopmail.com,1946-07-07
53648e14-fe3c-4acd-a48d-61ae5ba2a82d,Cathyleen,Henrie,Cathyleen.Henrie@yopmail.com,1969-05-27
f8d6983f-7f26-472f-b419-8897f92e4938,Tarra,Lanita,Tarra.Lanita@yopmail.com,1919-03-30
e14e7c7f-ba1c-4394-a063-057804adb1d2,Mara,Stuart,Mara.Stuart@yopmail.com,2009-01-06
9cb13c5b-76ef-4f2d-ae31-a50d7345478e,Letizia,Fosque,Letizia.Fosque@yopmail.com,2002-07-05
bcfd66e3-93f9-4be3-ab4d-790d8b36fb9a,Corry,Pernick,Corry.Pernick@yopmail.com,1978-03-28
4401aa1d-9ff3-416f-bb5c-9d2497d078c9,Oralee,Vorster,Oralee.Vorster@yopmail.com,1993-12-23
cc652208-2482-47cb-b244-5259d896cb9e,Sybille,Glovsky,Sybille.Glovsky@yopmail.com,1901-02-12
8caafa9b-ce7a-43e5-8c12-61d83209432a,Gilligan,Publia,Gilligan.Publia@yopmail.com,1906-09-30
0af0a8e8-ca96-4780-96cd-4d27a98eb51a,Sheelagh,Beniamino,Sheelagh.Beniamino@yopmail.com,1931-04-28
8e360eff-fde6-4b9b-9f89-132c1e930b0a,Farrah,Boehike,Farrah.Boehike@yopmail.com,1987-04-18
ba777e03-7d93-442d-85d3-5c91dcae8f35,Alexine,Norrie,Alexine.Norrie@yopmail.com,1953-11-12
994f3073-198d-4031-a4b1-233b23c620e4,Jessamyn,Han,Jessamyn.Han@yopmail.com,1961-09-25
c5c568c1-f926-4632-bbb8-b520f5f5f244,Ingrid,Emerson,Ingrid.Emerson@yopmail.com,1998-07-26
264b5874-e3b9-425d-b1ce-7d20ffe7d914,Morganica,Teryn,Morganica.Teryn@yopmail.com,2012-10-11
48ad37b8-6874-495b-8656-0539f7336157,Mara,Hartnett,Mara.Hartnett@yopmail.com,1936-12-20
36bf8231-acb2-4d2f-834e-a89fd87014a4,Devina,Adore,Devina.Adore@yopmail.com,1910-08-25
43b60d58-f653-42ed-b84b-e50e4c3566fd,Jerry,Septima,Jerry.Septima@yopmail.com,1949-05-22
c1120b08-85e2-405e-b022-6efb29ea7720,Hyacinthe,Denis,Hyacinthe.Denis@yopmail.com,1932-04-29
14cfe068-3981-431a-8f67-fa0d5c231d89,Ardeen,Ludewig,Ardeen.Ludewig@yopmail.com,1910-01-03
a62c93c7-736f-45c9-8dae-511f51ad88fa,Sara-Ann,Tayib,Sara-Ann.Tayib@yopmail.com,1993-10-28
95b071f1-5f34-4ddc-9c70-222d04c7f919,Trixi,Morrill,Trixi.Morrill@yopmail.com,1929-04-03
8b53c326-dc88-49f2-ae53-12118738b151,Deane,Astra,Deane.Astra@yopmail.com,1992-09-20
8fffa9ba-5617-4f8c-9ce7-4ecfbe1a3ca5,Tobe,Wilona,Tobe.Wilona@yopmail.com,1905-09-20
0889243b-b200-417c-b5f1-158f196c627e,Tatiania,Prober,Tatiania.Prober@yopmail.com,1962-08-26
54883da0-e0ea-48f9-ac1d-b5f0e08e7b19,Shell,Hillel,Shell.Hillel@yopmail.com,1911-05-20
56f923fc-d77f-4631-90a2-0f354661f224,Elise,Couture,Elise.Couture@yopmail.com,1925-12-14
489d0f13-306b-475f-a0fe-d4c290f177dc,Alia,Westphal,Alia.Westphal@yopmail.com,1960-04-05
33d543ad-bb43-4bb5-8525-a23430c36f82,Karina,Sparhawk,Karina.Sparhawk@yopmail.com,2009-12-27
3cf9305c-94e8-47d6-a0dc-a9bba871b81b,Marcy,Kirstin,Marcy.Kirstin@yopmail.com,2008-04-15
3aa5c64a-b93c-4240-9246-e2c8832ad54e,Angela,LaRue,Angela.LaRue@yopmail.com,1986-02-11
c55aa43b-5cef-4af2-923f-54f6efece726,Gusty,Gilmour,Gusty.Gilmour@yopmail.com,1981-08-25
3aae9f76-e318-4cce-99a9-873b67e3cd02,Rosene,Cloris,Rosene.Cloris@yopmail.com,2016-10-31
563b8b44-3e8f-4662-ac47-acd530f5aff7,Calla,Rossner,Calla.Rossner@yopmail.com,1944-07-28
1e79f34a-b6f8-4f83-a9bf-995539bc9225,Marleah,Crudden,Marleah.Crudden@yopmail.com,1987-10-19
0133ab3a-6914-4c95-8cf1-8861e74441d5,Nicoli,Infield,Nicoli.Infield@yopmail.com,1996-12-05
3b23b014-0d0f-4185-a23a-f4a1dd19f193,Mallory,Donell,Mallory.Donell@yopmail.com,2011-07-02
88bcadd3-ce29-4177-90d6-3dcc0ee4be3b,Deane,Maples,Deane.Maples@yopmail.com,1919-03-25
ab9f3655-656f-4032-847b-3660ba2df5d7,Collen,Hachmin,Collen.Hachmin@yopmail.com,1938-02-26
24afd4e7-147e-4599-887a-321de07fdcf0,Selia,Rossner,Selia.Rossner@yopmail.com,1940-06-27
1c1251af-2ef0-46ab-b24f-4aba5a829cb6,Corene,Uird,Corene.Uird@yopmail.com,2018-01-03
844ae53f-f332-4ed2-9a3d-f61fcb383f47,Myriam,Friede,Myriam.Friede@yopmail.com,2019-01-19
22ed6d60-a4c8-4cd5-8be8-b77f6432c2f8,Ellette,Whittaker,Ellette.Whittaker@yopmail.com,1943-06-03
b7e75c0e-2d5c-4ed4-84bb-e2ae59661fb4,Wileen,Noam,Wileen.Noam@yopmail.com,1911-03-29
7d80ef65-16db-440d-8cbc-53bbdd76d7a4,Rosabelle,Monk,Rosabelle.Monk@yopmail.com,1922-01-05
da9d3669-1eec-449b-b9d0-56b49ffebe7c,Rosanne,Abbot,Rosanne.Abbot@yopmail.com,2006-04-12
30f1e4e8-3754-4cb3-8f30-c4b81b849169,Jean,Vernier,Jean.Vernier@yopmail.com,2013-04-18
635a1847-736f-423d-b131-3f09154ff4d3,Merrie,Wandie,Merrie.Wandie@yopmail.com,1926-06-19
a8e68311-50ff-4fde-98a0-88cbf7d15375,Marsiella,Minetta,Marsiella.Minetta@yopmail.com,1920-11-22
5cae773f-0904-46dc-bee3-c37711f334f7,Ardys,Bluh,Ardys.Bluh@yopmail.com,1903-12-09
bbef69e5-84c5-4023-8b0b-ef1122b85075,Emilia,Artie,Emilia.Artie@yopmail.com,1936-04-02
0a9207cc-7803-49fc-b9b6-2473b64d1d7e,Sallie,Noam,Sallie.Noam@yopmail.com,1906-01-25